method,H,W,Cin,Cout,K,threads,repeats,time_ms,total_time_ms,checksum,input_file,kernel_file
openmp,128,128,16,8,3,1,5,10.084597,50.422984,3389.418271,input.csv,kernel.csv
openmp,128,128,16,8,3,2,5,5.086466,25.432332,3389.418271,input.csv,kernel.csv
openmp,128,128,16,8,3,4,5,2.546083,12.730414,3389.418271,input.csv,kernel.csv
openmp,128,128,16,8,3,8,5,1.242171,6.210855,3389.418271,input.csv,kernel.csv
openmp,128,128,16,8,3,16,5,1.203227,6.016136,3389.418271,input.csv,kernel.csv
openmp,128,128,16,8,3,20,5,0.961014,4.805072,3389.418271,input.csv,kernel.csv
