method,H,W,Cin,Cout,K,threads,repeats,time_ms,total_time_ms,checksum,input_file,kernel_file
openmp,512,512,16,8,3,1,5,162.831044,814.155222,43439.161861,input.csv,kernel.csv
openmp,512,512,16,8,3,2,5,81.502909,407.514543,43439.161861,input.csv,kernel.csv
openmp,512,512,16,8,3,4,5,40.825187,204.125934,43439.161861,input.csv,kernel.csv
openmp,512,512,16,8,3,8,5,19.837457,99.187284,43439.161861,input.csv,kernel.csv
openmp,512,512,16,8,3,16,5,19.158312,95.791558,43439.161861,input.csv,kernel.csv
openmp,512,512,16,8,3,20,5,15.659526,78.297628,43439.161861,input.csv,kernel.csv
